point,algorithm,time,coverage,length,rotation,,
0 - [-12.59000015  11.          -5.29468489],BAstar - 0.7,0,0,0,0,#DIV/0!,
0 - [-12.59000015  11.          -5.29468489],BAstar - 0.7,10,24.95,849,454,2.93875147232038,
0 - [-12.59000015  11.          -5.29468489],BAstar - 0.7,20,40.7,1271,678,3.20220298977183,
0 - [-12.59000015  11.          -5.29468489],BAstar - 0.7,30,47.25,1624,894,2.90948275862069,
0 - [-12.59000015  11.          -5.29468489],BAstar - 0.7,40,49.94,1841,1044,2.71265616512765,
0 - [-12.59000015  11.          -5.29468489],BAstar - 0.7,50,55,2100,1178,2.61904761904762,
0 - [-12.59000015  11.          -5.29468489],BAstar - 0.7,60,55.11,2187,1189,2.519890260631,
0 - [-12.59000015  11.          -5.29468489],BAstar - 0.7,70,55.14,2268,1199,2.43121693121693,
0 - [-12.59000015  11.          -5.29468489],BAstar - 0.7,80,55.17,2340,1210,2.35769230769231,
0 - [-12.59000015  11.          -5.29468489],BAstar - 0.7,90,55.28,2436,1227,2.26929392446634,
0 - [-12.59000015  11.          -5.29468489],BAstar - 0.7,100,63.38,2693,1344,2.3535090976606,
0 - [-12.59000015  11.          -5.29468489],BAstar - 0.7,110,68.97,2983,1499,2.31210191082803,
0 - [-12.59000015  11.          -5.29468489],BAstar - 0.7,120,68.99,3091,1508,2.23196376577159,
0 - [-12.59000015  11.          -5.29468489],BAstar - 0.7,130,72.35,3223,1567,2.24480297859137,
0 - [-12.59000015  11.          -5.29468489],BAstar - 0.7,140,75.43,3372,1655,2.23695136417556,
0 - [-12.59000015  11.          -5.29468489],BAstar - 0.7,150,77.2,3481,1665,2.21775351910371,
0 - [-12.59000015  11.          -5.29468489],BAstar - 0.7,160,85.51,3644,1708,2.34659714599341,
0 - [-12.59000015  11.          -5.29468489],BAstar - 0.7,170,92.52,3863,1887,2.39502976960911,
0 - [-12.59000015  11.          -5.29468489],BAstar - 0.7,180,96.5,4010,2000,2.40648379052369,
0 - [-12.59000015  11.          -5.29468489],BAstar - 0.7,190,96.68,4054,2005,2.38480513073508,2.47843331062563
0 - [-12.59000015  11.          -5.29468489],Inward Spiral - 0.7,0,0,0,0,#DIV/0!,
0 - [-12.59000015  11.          -5.29468489],Inward Spiral - 0.7,10,26.93,991,1100,2.71745711402624,
0 - [-12.59000015  11.          -5.29468489],Inward Spiral - 0.7,20,45.47,1441,1607,3.15544760582929,
0 - [-12.59000015  11.          -5.29468489],Inward Spiral - 0.7,30,59.89,1798,2024,3.33092324805339,
0 - [-12.59000015  11.          -5.29468489],Inward Spiral - 0.7,40,69.51,2094,2368,3.31948424068768,
0 - [-12.59000015  11.          -5.29468489],Inward Spiral - 0.7,50,73.56,2361,2599,3.1156289707751,
0 - [-12.59000015  11.          -5.29468489],Inward Spiral - 0.7,60,78.17,2612,2861,2.9927258805513,
0 - [-12.59000015  11.          -5.29468489],Inward Spiral - 0.7,70,78.48,2826,2966,2.77707006369427,
0 - [-12.59000015  11.          -5.29468489],Inward Spiral - 0.7,80,78.55,2985,3018,2.63149078726968,
0 - [-12.59000015  11.          -5.29468489],Inward Spiral - 0.7,90,78.64,3147,3098,2.49888782967906,
0 - [-12.59000015  11.          -5.29468489],Inward Spiral - 0.7,100,86.39,3327,3278,2.59663360384731,
0 - [-12.59000015  11.          -5.29468489],Inward Spiral - 0.7,110,93.86,3554,3509,2.64096792346652,
0 - [-12.59000015  11.          -5.29468489],Inward Spiral - 0.7,120,97.86,3723,3659,2.62852538275584,
0 - [-12.59000015  11.          -5.29468489],Inward Spiral - 0.7,130,98.28,3921,3789,2.50650344299923,
0 - [-12.59000015  11.          -5.29468489],Inward Spiral - 0.7,140,98.42,4096,3863,2.40283203125,
0 - [-12.59000015  11.          -5.29468489],Inward Spiral - 0.7,150,98.43,4196,3876,2.34580552907531,
0 - [-12.59000015  11.          -5.29468489],Inward Spiral - 0.7,160,98.48,4343,3921,2.26755698825696,
0 - [-12.59000015  11.          -5.29468489],Inward Spiral - 0.7,170,98.54,4493,3962,2.19318940574227,
0 - [-12.59000015  11.          -5.29468489],Inward Spiral - 0.7,180,98.57,4582,3992,2.15124399825404,
0 - [-12.59000015  11.          -5.29468489],Inward Spiral - 0.7,190,98.6,4697,4021,2.09921226314669,2.65113612154527
0 - [-12.59000015  11.          -5.29468489],BAstar Variant - 0.7,0,0,0,0,#DIV/0!,
0 - [-12.59000015  11.          -5.29468489],BAstar Variant - 0.7,10,27.42,765,851,3.5843137254902,
0 - [-12.59000015  11.          -5.29468489],BAstar Variant - 0.7,20,38.58,1257,1369,3.06921241050119,
0 - [-12.59000015  11.          -5.29468489],BAstar Variant - 0.7,30,40.34,1469,1560,2.74608577263445,
0 - [-12.59000015  11.          -5.29468489],BAstar Variant - 0.7,40,53.92,1944,2101,2.77366255144033,
0 - [-12.59000015  11.          -5.29468489],BAstar Variant - 0.7,50,61.88,2270,2374,2.72599118942731,
0 - [-12.59000015  11.          -5.29468489],BAstar Variant - 0.7,60,71.9,2572,2776,2.7954898911353,
0 - [-12.59000015  11.          -5.29468489],BAstar Variant - 0.7,70,82.43,2817,3146,2.92616258430955,
0 - [-12.59000015  11.          -5.29468489],BAstar Variant - 0.7,80,91.04,3045,3383,2.98981937602627,
0 - [-12.59000015  11.          -5.29468489],BAstar Variant - 0.7,90,91.33,3159,3470,2.89110477999367,
0 - [-12.59000015  11.          -5.29468489],BAstar Variant - 0.7,100,97.08,3379,3700,2.87303936075762,
0 - [-12.59000015  11.          -5.29468489],BAstar Variant - 0.7,110,97.52,3466,3779,2.8136180034622,
0 - [-12.59000015  11.          -5.29468489],BAstar Variant - 0.7,120,97.55,3515,3788,2.77524893314367,
0 - [-12.59000015  11.          -5.29468489],BAstar Variant - 0.7,130,97.56,3539,3795,2.75671093529246,
0 - [-12.59000015  11.          -5.29468489],BAstar Variant - 0.7,140,97.56,3539,3795,2.75671093529246,
0 - [-12.59000015  11.          -5.29468489],BAstar Variant - 0.7,150,97.56,3539,3795,2.75671093529246,
0 - [-12.59000015  11.          -5.29468489],BAstar Variant - 0.7,160,97.58,3595,3804,2.71432545201669,
0 - [-12.59000015  11.          -5.29468489],BAstar Variant - 0.7,170,97.58,3595,3804,2.71432545201669,
0 - [-12.59000015  11.          -5.29468489],BAstar Variant - 0.7,180,97.58,3595,3804,2.71432545201669,
0 - [-12.59000015  11.          -5.29468489],BAstar Variant - 0.7,190,97.58,3595,3804,2.71432545201669,2.84690437854031
0 - [-12.59000015  11.          -5.29468489],BAstar - 0.75,0,0,0,0,#DIV/0!,
0 - [-12.59000015  11.          -5.29468489],BAstar - 0.75,10,27.16,809,435,3.35723114956737,
0 - [-12.59000015  11.          -5.29468489],BAstar - 0.75,20,41.94,1207,717,3.47473073736537,
0 - [-12.59000015  11.          -5.29468489],BAstar - 0.75,30,51.95,1578,937,3.29214195183777,
0 - [-12.59000015  11.          -5.29468489],BAstar - 0.75,40,53.94,1772,1014,3.04401805869074,
0 - [-12.59000015  11.          -5.29468489],BAstar - 0.75,50,60.19,1999,1133,3.01100550275138,
0 - [-12.59000015  11.          -5.29468489],BAstar - 0.75,60,73.98,2256,1247,3.27925531914894,
0 - [-12.59000015  11.          -5.29468489],BAstar - 0.75,70,80.44,2543,1427,3.1631930790405,
0 - [-12.59000015  11.          -5.29468489],BAstar - 0.75,80,87.07,2717,1528,3.20463746779536,
0 - [-12.59000015  11.          -5.29468489],BAstar - 0.75,90,92.51,2915,1702,3.17358490566038,
0 - [-12.59000015  11.          -5.29468489],BAstar - 0.75,100,92.97,3008,1776,3.0907579787234,
0 - [-12.59000015  11.          -5.29468489],BAstar - 0.75,110,93.03,3038,1784,3.06221198156682,
0 - [-12.59000015  11.          -5.29468489],BAstar - 0.75,120,93.03,3038,1784,3.06221198156682,
0 - [-12.59000015  11.          -5.29468489],BAstar - 0.75,130,93.05,3052,1796,3.04882044560944,
0 - [-12.59000015  11.          -5.29468489],BAstar - 0.75,140,93.16,3082,1800,3.02271252433485,
0 - [-12.59000015  11.          -5.29468489],BAstar - 0.75,150,93.19,3113,1806,2.99357532926438,
0 - [-12.59000015  11.          -5.29468489],BAstar - 0.75,160,93.19,3113,1806,2.99357532926438,
0 - [-12.59000015  11.          -5.29468489],BAstar - 0.75,170,93.19,3113,1806,2.99357532926438,
0 - [-12.59000015  11.          -5.29468489],BAstar - 0.75,180,93.19,3113,1806,2.99357532926438,
0 - [-12.59000015  11.          -5.29468489],BAstar - 0.75,190,93.19,3113,1806,2.99357532926438,3.11865209105163
0 - [-12.59000015  11.          -5.29468489],Inward Spiral - 0.75,0,0,0,0,#DIV/0!,
0 - [-12.59000015  11.          -5.29468489],Inward Spiral - 0.75,10,28.86,990,1034,2.91515151515151,
0 - [-12.59000015  11.          -5.29468489],Inward Spiral - 0.75,20,47.58,1437,1498,3.31106471816284,
0 - [-12.59000015  11.          -5.29468489],Inward Spiral - 0.75,30,58.14,1724,1802,3.37238979118329,
0 - [-12.59000015  11.          -5.29468489],Inward Spiral - 0.75,40,59.14,1966,1923,3.00813835198372,
0 - [-12.59000015  11.          -5.29468489],Inward Spiral - 0.75,50,66.76,2223,2137,3.00314889788574,
0 - [-12.59000015  11.          -5.29468489],Inward Spiral - 0.75,60,79.85,2498,2408,3.19655724579664,
0 - [-12.59000015  11.          -5.29468489],Inward Spiral - 0.75,70,88.74,2743,2660,3.23514400291651,
0 - [-12.59000015  11.          -5.29468489],Inward Spiral - 0.75,80,91.6,2974,2845,3.08002689979825,
0 - [-12.59000015  11.          -5.29468489],Inward Spiral - 0.75,90,94.43,3174,2990,2.97511027095148,
0 - [-12.59000015  11.          -5.29468489],Inward Spiral - 0.75,100,94.65,3336,3057,2.83723021582734,
0 - [-12.59000015  11.          -5.29468489],Inward Spiral - 0.75,110,94.74,3485,3104,2.71850789096126,
0 - [-12.59000015  11.          -5.29468489],Inward Spiral - 0.75,120,97.29,3664,3234,2.65529475982533,
0 - [-12.59000015  11.          -5.29468489],Inward Spiral - 0.75,130,97.43,3823,3291,2.54852210306042,
0 - [-12.59000015  11.          -5.29468489],Inward Spiral - 0.75,140,97.48,3924,3317,2.4841997961264,
0 - [-12.59000015  11.          -5.29468489],Inward Spiral - 0.75,150,97.52,4033,3339,2.41805107860154,
0 - [-12.59000015  11.          -5.29468489],Inward Spiral - 0.75,160,97.65,4180,3388,2.33612440191388,
0 - [-12.59000015  11.          -5.29468489],Inward Spiral - 0.75,170,97.73,4317,3428,2.26384063006718,
0 - [-12.59000015  11.          -5.29468489],Inward Spiral - 0.75,180,97.8,4456,3446,2.19479353680431,
0 - [-12.59000015  11.          -5.29468489],Inward Spiral - 0.75,190,97.82,4516,3453,2.16607617360496,2.7747038042433
0 - [-12.59000015  11.          -5.29468489],BAstar Variant - 0.75,0,0,0,0,#DIV/0!,
0 - [-12.59000015  11.          -5.29468489],BAstar Variant - 0.75,10,27.65,884,987,3.12782805429864,
0 - [-12.59000015  11.          -5.29468489],BAstar Variant - 0.75,20,44.34,1313,1527,3.37699923838538,
0 - [-12.59000015  11.          -5.29468489],BAstar Variant - 0.75,30,60.19,1700,2089,3.54058823529412,
0 - [-12.59000015  11.          -5.29468489],BAstar Variant - 0.75,40,61.97,1883,2280,3.29102496016994,
0 - [-12.59000015  11.          -5.29468489],BAstar Variant - 0.75,50,66,2080,2515,3.17307692307692,
0 - [-12.59000015  11.          -5.29468489],BAstar Variant - 0.75,60,76.26,2301,2844,3.3142112125163,
0 - [-12.59000015  11.          -5.29468489],BAstar Variant - 0.75,70,82.19,2484,3059,3.30877616747182,
0 - [-12.59000015  11.          -5.29468489],BAstar Variant - 0.75,80,85.64,2626,3244,3.26123381568926,
0 - [-12.59000015  11.          -5.29468489],BAstar Variant - 0.75,90,87.56,2710,3345,3.2309963099631,
0 - [-12.59000015  11.          -5.29468489],BAstar Variant - 0.75,100,92.5,2888,3507,3.20290858725762,
0 - [-12.59000015  11.          -5.29468489],BAstar Variant - 0.75,110,93.81,2963,3567,3.16604792440094,
0 - [-12.59000015  11.          -5.29468489],BAstar Variant - 0.75,120,93.85,3005,3592,3.12312811980033,
0 - [-12.59000015  11.          -5.29468489],BAstar Variant - 0.75,130,93.96,3053,3619,3.0776285620701,
0 - [-12.59000015  11.          -5.29468489],BAstar Variant - 0.75,140,94.02,3109,3624,3.0241235123834,
0 - [-12.59000015  11.          -5.29468489],BAstar Variant - 0.75,150,94.1,3117,3637,3.01892845684953,
0 - [-12.59000015  11.          -5.29468489],BAstar Variant - 0.75,160,94.17,3235,3645,2.91097372488408,
0 - [-12.59000015  11.          -5.29468489],BAstar Variant - 0.75,170,96.36,3316,3755,2.9059107358263,
0 - [-12.59000015  11.          -5.29468489],BAstar Variant - 0.75,180,96.4,3382,3759,2.85038438793613,
0 - [-12.59000015  11.          -5.29468489],BAstar Variant - 0.75,190,96.4,3382,3759,2.85038438793613,3.14500806927421
0 - [-12.59000015  11.          -5.29468489],BAstar - 0.8,0,0,0,0,#DIV/0!,
0 - [-12.59000015  11.          -5.29468489],BAstar - 0.8,10,25.85,826,491,3.12953995157385,
0 - [-12.59000015  11.          -5.29468489],BAstar - 0.8,20,43.55,1223,678,3.56091578086672,
0 - [-12.59000015  11.          -5.29468489],BAstar - 0.8,30,47.9,1430,869,3.34965034965035,
0 - [-12.59000015  11.          -5.29468489],BAstar - 0.8,40,54.82,1670,1016,3.28263473053892,
0 - [-12.59000015  11.          -5.29468489],BAstar - 0.8,50,61.93,1870,1117,3.31176470588235,
0 - [-12.59000015  11.          -5.29468489],BAstar - 0.8,60,73.91,2124,1262,3.47975517890772,
0 - [-12.59000015  11.          -5.29468489],BAstar - 0.8,70,78.08,2259,1324,3.4563966356795,
0 - [-12.59000015  11.          -5.29468489],BAstar - 0.8,80,85.43,2512,1467,3.40087579617834,
0 - [-12.59000015  11.          -5.29468489],BAstar - 0.8,90,87.07,2626,1593,3.31568926123382,
0 - [-12.59000015  11.          -5.29468489],BAstar - 0.8,100,88.99,2731,1663,3.25851336506774,
0 - [-12.59000015  11.          -5.29468489],BAstar - 0.8,110,89.43,2831,1680,3.15895443306252,
0 - [-12.59000015  11.          -5.29468489],BAstar - 0.8,120,89.81,2935,1733,3.05996592844974,
0 - [-12.59000015  11.          -5.29468489],BAstar - 0.8,130,89.96,3008,1742,2.9906914893617,
0 - [-12.59000015  11.          -5.29468489],BAstar - 0.8,140,90.57,3044,1780,2.97536136662286,
0 - [-12.59000015  11.          -5.29468489],BAstar - 0.8,150,90.79,3152,1787,2.88039340101523,
0 - [-12.59000015  11.          -5.29468489],BAstar - 0.8,160,90.82,3158,1794,2.87587080430652,
0 - [-12.59000015  11.          -5.29468489],BAstar - 0.8,170,91.03,3272,1808,2.78209046454768,
0 - [-12.59000015  11.          -5.29468489],BAstar - 0.8,180,91.03,3272,1808,2.78209046454768,
0 - [-12.59000015  11.          -5.29468489],BAstar - 0.8,190,91.16,3390,1818,2.68908554572271,3.14422313964295
0 - [-12.59000015  11.          -5.29468489],Inward Spiral - 0.8,0,0,0,0,#DIV/0!,
0 - [-12.59000015  11.          -5.29468489],Inward Spiral - 0.8,10,28.72,947,962,3.03273495248152,
0 - [-12.59000015  11.          -5.29468489],Inward Spiral - 0.8,20,42.33,1307,1309,3.23871461361897,
0 - [-12.59000015  11.          -5.29468489],Inward Spiral - 0.8,30,54.2,1628,1612,3.32923832923833,
0 - [-12.59000015  11.          -5.29468489],Inward Spiral - 0.8,40,71.37,1988,1970,3.59004024144869,
0 - [-12.59000015  11.          -5.29468489],Inward Spiral - 0.8,50,80.88,2207,2207,3.6647032170367,
0 - [-12.59000015  11.          -5.29468489],Inward Spiral - 0.8,60,82.37,2425,2338,3.39670103092784,
0 - [-12.59000015  11.          -5.29468489],Inward Spiral - 0.8,70,82.59,2592,2398,3.18634259259259,
0 - [-12.59000015  11.          -5.29468489],Inward Spiral - 0.8,80,82.78,2715,2429,3.04898710865562,
0 - [-12.59000015  11.          -5.29468489],Inward Spiral - 0.8,90,82.84,2813,2442,2.94489868467828,
0 - [-12.59000015  11.          -5.29468489],Inward Spiral - 0.8,100,83.01,2902,2454,2.86044107512061,
0 - [-12.59000015  11.          -5.29468489],Inward Spiral - 0.8,110,90.19,3106,2649,2.90373470701867,
0 - [-12.59000015  11.          -5.29468489],Inward Spiral - 0.8,120,93.97,3298,2799,2.84930260764099,
0 - [-12.59000015  11.          -5.29468489],Inward Spiral - 0.8,130,94.91,3457,2901,2.74544402661267,
0 - [-12.59000015  11.          -5.29468489],Inward Spiral - 0.8,140,95.3,3584,2933,2.65904017857143,
0 - [-12.59000015  11.          -5.29468489],Inward Spiral - 0.8,150,95.39,3660,2946,2.60628415300546,
0 - [-12.59000015  11.          -5.29468489],Inward Spiral - 0.8,160,95.49,3783,2968,2.52418715305313,
0 - [-12.59000015  11.          -5.29468489],Inward Spiral - 0.8,170,95.58,3864,2980,2.47360248447205,
0 - [-12.59000015  11.          -5.29468489],Inward Spiral - 0.8,180,95.61,3907,2985,2.4471461479396,
0 - [-12.59000015  11.          -5.29468489],Inward Spiral - 0.8,190,95.67,4010,3004,2.3857855361596,2.94143836001436
0 - [-12.59000015  11.          -5.29468489],BAstar Variant - 0.8,0,0,0,0,#DIV/0!,
0 - [-12.59000015  11.          -5.29468489],BAstar Variant - 0.8,10,28.05,840,930,3.33928571428571,
0 - [-12.59000015  11.          -5.29468489],BAstar Variant - 0.8,20,43.65,1324,1511,3.29682779456193,
0 - [-12.59000015  11.          -5.29468489],BAstar Variant - 0.8,30,59.85,1676,1822,3.57100238663484,
0 - [-12.59000015  11.          -5.29468489],BAstar Variant - 0.8,40,63.39,1898,2085,3.33983140147524,
0 - [-12.59000015  11.          -5.29468489],BAstar Variant - 0.8,50,67.43,2072,2273,3.25434362934363,
0 - [-12.59000015  11.          -5.29468489],BAstar Variant - 0.8,60,76.23,2228,2476,3.42145421903052,
0 - [-12.59000015  11.          -5.29468489],BAstar Variant - 0.8,70,81.4,2395,2661,3.39874739039666,
0 - [-12.59000015  11.          -5.29468489],BAstar Variant - 0.8,80,86.05,2553,2790,3.37054445750098,
0 - [-12.59000015  11.          -5.29468489],BAstar Variant - 0.8,90,91.03,2722,3008,3.34423218221896,
0 - [-12.59000015  11.          -5.29468489],BAstar Variant - 0.8,100,94.44,2879,3198,3.28030566168809,
0 - [-12.59000015  11.          -5.29468489],BAstar Variant - 0.8,110,94.62,2951,3245,3.20637072178922,
0 - [-12.59000015  11.          -5.29468489],BAstar Variant - 0.8,120,94.62,2951,3245,3.20637072178922,
0 - [-12.59000015  11.          -5.29468489],BAstar Variant - 0.8,130,94.71,3012,3256,3.14442231075697,
0 - [-12.59000015  11.          -5.29468489],BAstar Variant - 0.8,140,94.71,3012,3256,3.14442231075697,
0 - [-12.59000015  11.          -5.29468489],BAstar Variant - 0.8,150,94.71,3012,3256,3.14442231075697,
0 - [-12.59000015  11.          -5.29468489],BAstar Variant - 0.8,160,94.71,3012,3256,3.14442231075697,
0 - [-12.59000015  11.          -5.29468489],BAstar Variant - 0.8,170,94.71,3012,3256,3.14442231075697,
0 - [-12.59000015  11.          -5.29468489],BAstar Variant - 0.8,180,94.71,3012,3256,3.14442231075697,
0 - [-12.59000015  11.          -5.29468489],BAstar Variant - 0.8,190,94.71,3012,3256,3.14442231075697,3.26527749768494
0 - [-12.59000015  11.          -5.29468489],BAstar - 0.85,0,0,0,0,#DIV/0!,
0 - [-12.59000015  11.          -5.29468489],BAstar - 0.85,10,25.58,942,426,2.71549893842887,
0 - [-12.59000015  11.          -5.29468489],BAstar - 0.85,20,44.2,1420,653,3.11267605633803,
0 - [-12.59000015  11.          -5.29468489],BAstar - 0.85,30,54.42,1829,874,2.97539639147075,
0 - [-12.59000015  11.          -5.29468489],BAstar - 0.85,40,55.2,1947,906,2.83513097072419,
0 - [-12.59000015  11.          -5.29468489],BAstar - 0.85,50,67.2,2311,1068,2.90783210731285,
0 - [-12.59000015  11.          -5.29468489],BAstar - 0.85,60,67.87,2432,1081,2.79070723684211,
0 - [-12.59000015  11.          -5.29468489],BAstar - 0.85,70,69.08,2539,1153,2.72075620322962,
0 - [-12.59000015  11.          -5.29468489],BAstar - 0.85,80,70.84,2646,1214,2.67724867724868,
0 - [-12.59000015  11.          -5.29468489],BAstar - 0.85,90,73.52,2803,1244,2.62290403139493,
0 - [-12.59000015  11.          -5.29468489],BAstar - 0.85,100,86.43,3086,1408,2.80071289695399,
0 - [-12.59000015  11.          -5.29468489],BAstar - 0.85,110,91.27,3259,1524,2.80055231666155,
0 - [-12.59000015  11.          -5.29468489],BAstar - 0.85,120,94.5,3475,1673,2.71942446043165,
0 - [-12.59000015  11.          -5.29468489],BAstar - 0.85,130,94.77,3520,1712,2.69232954545455,
0 - [-12.59000015  11.          -5.29468489],BAstar - 0.85,140,94.91,3599,1718,2.63712142261739,
0 - [-12.59000015  11.          -5.29468489],BAstar - 0.85,150,94.91,3599,1718,2.63712142261739,
0 - [-12.59000015  11.          -5.29468489],BAstar - 0.85,160,94.96,3643,1725,2.60664287674993,
0 - [-12.59000015  11.          -5.29468489],BAstar - 0.85,170,94.96,3643,1725,2.60664287674993,
0 - [-12.59000015  11.          -5.29468489],BAstar - 0.85,180,94.96,3643,1725,2.60664287674993,
0 - [-12.59000015  11.          -5.29468489],BAstar - 0.85,190,94.96,3643,1725,2.60664287674993,2.74063074656454
0 - [-12.59000015  11.          -5.29468489],Inward Spiral - 0.85,0,0,0,0,#DIV/0!,
0 - [-12.59000015  11.          -5.29468489],Inward Spiral - 0.85,10,29.31,981,948,2.98776758409786,
0 - [-12.59000015  11.          -5.29468489],Inward Spiral - 0.85,20,46.15,1417,1340,3.25688073394495,
0 - [-12.59000015  11.          -5.29468489],Inward Spiral - 0.85,30,49.66,1675,1510,2.96477611940298,
0 - [-12.59000015  11.          -5.29468489],Inward Spiral - 0.85,40,66.71,2085,1896,3.19952038369305,
0 - [-12.59000015  11.          -5.29468489],Inward Spiral - 0.85,50,82.05,2428,2211,3.37932454695222,
0 - [-12.59000015  11.          -5.29468489],Inward Spiral - 0.85,60,89.34,2697,2452,3.31256952169077,
0 - [-12.59000015  11.          -5.29468489],Inward Spiral - 0.85,70,90.18,2921,2544,3.08729887024991,
0 - [-12.59000015  11.          -5.29468489],Inward Spiral - 0.85,80,92.02,3141,2654,2.92964024196116,
0 - [-12.59000015  11.          -5.29468489],Inward Spiral - 0.85,90,92.78,3341,2731,2.77701287039808,
0 - [-12.59000015  11.          -5.29468489],Inward Spiral - 0.85,100,93.08,3447,2767,2.70031911807369,
0 - [-12.59000015  11.          -5.29468489],Inward Spiral - 0.85,110,93.38,3559,2797,2.62377072211295,
0 - [-12.59000015  11.          -5.29468489],Inward Spiral - 0.85,120,93.56,3700,2823,2.52864864864865,
0 - [-12.59000015  11.          -5.29468489],Inward Spiral - 0.85,130,93.76,3840,2856,2.44166666666667,
0 - [-12.59000015  11.          -5.29468489],Inward Spiral - 0.85,140,93.88,3906,2861,2.40348182283666,
0 - [-12.59000015  11.          -5.29468489],Inward Spiral - 0.85,150,93.94,3967,2874,2.36803629947063,
0 - [-12.59000015  11.          -5.29468489],Inward Spiral - 0.85,160,94.11,4053,2890,2.3219837157661,
0 - [-12.59000015  11.          -5.29468489],Inward Spiral - 0.85,170,94.3,4160,2901,2.26682692307692,
0 - [-12.59000015  11.          -5.29468489],Inward Spiral - 0.85,180,94.43,4259,2912,2.21718713312984,
0 - [-12.59000015  11.          -5.29468489],Inward Spiral - 0.85,190,94.48,4311,2922,2.19160287636279,2.73464814729136
0 - [-12.59000015  11.          -5.29468489],BAstar Variant - 0.85,0,0,0,0,#DIV/0!,
0 - [-12.59000015  11.          -5.29468489],BAstar Variant - 0.85,10,30.37,844,845,3.59834123222749,
0 - [-12.59000015  11.          -5.29468489],BAstar Variant - 0.85,20,39.05,1279,1344,3.05316653635653,
0 - [-12.59000015  11.          -5.29468489],BAstar Variant - 0.85,30,55.04,1798,1891,3.06117908787542,
0 - [-12.59000015  11.          -5.29468489],BAstar Variant - 0.85,40,67.58,2190,2285,3.08584474885845,
0 - [-12.59000015  11.          -5.29468489],BAstar Variant - 0.85,50,84.09,2511,2582,3.34886499402628,
0 - [-12.59000015  11.          -5.29468489],BAstar Variant - 0.85,60,91.45,2758,2815,3.31580855692531,
0 - [-12.59000015  11.          -5.29468489],BAstar Variant - 0.85,70,91.79,2881,2830,3.18604651162791,
0 - [-12.59000015  11.          -5.29468489],BAstar Variant - 0.85,80,92.24,2897,2854,3.18398343113566,
0 - [-12.59000015  11.          -5.29468489],BAstar Variant - 0.85,90,92.48,3021,2865,3.06123800066203,
0 - [-12.59000015  11.          -5.29468489],BAstar Variant - 0.85,100,94.08,3168,2990,2.96969696969697,
0 - [-12.59000015  11.          -5.29468489],BAstar Variant - 0.85,110,94.1,3187,3002,2.95262001882648,
0 - [-12.59000015  11.          -5.29468489],BAstar Variant - 0.85,120,94.15,3288,3012,2.86344282238443,
0 - [-12.59000015  11.          -5.29468489],BAstar Variant - 0.85,130,94.15,3288,3012,2.86344282238443,
0 - [-12.59000015  11.          -5.29468489],BAstar Variant - 0.85,140,94.2,3384,3022,2.78368794326241,
0 - [-12.59000015  11.          -5.29468489],BAstar Variant - 0.85,150,94.31,3459,3060,2.72651055218271,
0 - [-12.59000015  11.          -5.29468489],BAstar Variant - 0.85,160,94.31,3459,3060,2.72651055218271,
0 - [-12.59000015  11.          -5.29468489],BAstar Variant - 0.85,170,94.31,3459,3060,2.72651055218271,
0 - [-12.59000015  11.          -5.29468489],BAstar Variant - 0.85,180,94.31,3459,3060,2.72651055218271,
0 - [-12.59000015  11.          -5.29468489],BAstar Variant - 0.85,190,94.31,3459,3060,2.72651055218271,2.99789033879807
0 - [-12.59000015  11.          -5.29468489],BAstar - 0.9,0,0,0,0,#DIV/0!,
0 - [-12.59000015  11.          -5.29468489],BAstar - 0.9,10,35.89,910,456,3.94395604395604,
0 - [-12.59000015  11.          -5.29468489],BAstar - 0.9,20,47.8,1313,657,3.64051789794364,
0 - [-12.59000015  11.          -5.29468489],BAstar - 0.9,30,60.84,1645,837,3.69848024316109,
0 - [-12.59000015  11.          -5.29468489],BAstar - 0.9,40,69.48,1937,977,3.58699019101704,
0 - [-12.59000015  11.          -5.29468489],BAstar - 0.9,50,74.03,2140,1112,3.45934579439252,
0 - [-12.59000015  11.          -5.29468489],BAstar - 0.9,60,77.64,2314,1147,3.3552290406223,
0 - [-12.59000015  11.          -5.29468489],BAstar - 0.9,70,81.28,2469,1250,3.29202106115836,
0 - [-12.59000015  11.          -5.29468489],BAstar - 0.9,80,82.14,2595,1261,3.16531791907514,
0 - [-12.59000015  11.          -5.29468489],BAstar - 0.9,90,82.44,2713,1279,3.03870254330999,
0 - [-12.59000015  11.          -5.29468489],BAstar - 0.9,100,82.44,2713,1279,3.03870254330999,
0 - [-12.59000015  11.          -5.29468489],BAstar - 0.9,110,83.27,2847,1321,2.92483315770987,
0 - [-12.59000015  11.          -5.29468489],BAstar - 0.9,120,87.08,3092,1501,2.81630012936611,
0 - [-12.59000015  11.          -5.29468489],BAstar - 0.9,130,89.69,3280,1621,2.73445121951219,
0 - [-12.59000015  11.          -5.29468489],BAstar - 0.9,140,89.72,3363,1633,2.66785608088017,
0 - [-12.59000015  11.          -5.29468489],BAstar - 0.9,150,89.76,3442,1644,2.60778617083091,
0 - [-12.59000015  11.          -5.29468489],BAstar - 0.9,160,89.88,3509,1674,2.56141350812197,
0 - [-12.59000015  11.          -5.29468489],BAstar - 0.9,170,90.03,3558,1689,2.53035413153457,
0 - [-12.59000015  11.          -5.29468489],BAstar - 0.9,180,90.51,3639,1698,2.48722176422094,
0 - [-12.59000015  11.          -5.29468489],BAstar - 0.9,190,91.24,3666,1734,2.48881614839062,3.05464713623755
0 - [-12.59000015  11.          -5.29468489],Inward Spiral - 0.9,0,0,0,0,#DIV/0!,
0 - [-12.59000015  11.          -5.29468489],Inward Spiral - 0.9,10,35.26,1078,973,3.2708719851577,
0 - [-12.59000015  11.          -5.29468489],Inward Spiral - 0.9,20,52.83,1499,1352,3.52434956637758,
0 - [-12.59000015  11.          -5.29468489],Inward Spiral - 0.9,30,64.37,1798,1622,3.58008898776418,
0 - [-12.59000015  11.          -5.29468489],Inward Spiral - 0.9,40,71.07,2054,1837,3.46007789678676,
0 - [-12.59000015  11.          -5.29468489],Inward Spiral - 0.9,50,74.98,2265,1950,3.31037527593819,
0 - [-12.59000015  11.          -5.29468489],Inward Spiral - 0.9,60,75.95,2410,2012,3.15145228215768,
0 - [-12.59000015  11.          -5.29468489],Inward Spiral - 0.9,70,76.34,2563,2060,2.97854077253219,
0 - [-12.59000015  11.          -5.29468489],Inward Spiral - 0.9,80,79.61,2773,2159,2.87089794446448,
0 - [-12.59000015  11.          -5.29468489],Inward Spiral - 0.9,90,87.36,2971,2347,2.94042409962975,
0 - [-12.59000015  11.          -5.29468489],Inward Spiral - 0.9,100,89.35,3147,2467,2.83921194788688,
0 - [-12.59000015  11.          -5.29468489],Inward Spiral - 0.9,110,89.9,3286,2528,2.73584905660377,
0 - [-12.59000015  11.          -5.29468489],Inward Spiral - 0.9,120,90.51,3445,2575,2.62728592162554,
0 - [-12.59000015  11.          -5.29468489],Inward Spiral - 0.9,130,90.72,3615,2608,2.50954356846473,
0 - [-12.59000015  11.          -5.29468489],Inward Spiral - 0.9,140,90.97,3750,2636,2.42586666666667,
0 - [-12.59000015  11.          -5.29468489],Inward Spiral - 0.9,150,91.31,3908,2668,2.33648925281474,
0 - [-12.59000015  11.          -5.29468489],Inward Spiral - 0.9,160,91.53,4039,2692,2.26615498885863,
0 - [-12.59000015  11.          -5.29468489],Inward Spiral - 0.9,170,91.91,4201,2725,2.18781242561295,
0 - [-12.59000015  11.          -5.29468489],Inward Spiral - 0.9,180,92.07,4299,2730,2.14166085136078,
0 - [-12.59000015  11.          -5.29468489],Inward Spiral - 0.9,190,92.24,4376,2741,2.10786106032907,2.80341129215959
0 - [-12.59000015  11.          -5.29468489],BAstar Variant - 0.9,0,0,0,0,#DIV/0!,
0 - [-12.59000015  11.          -5.29468489],BAstar Variant - 0.9,10,26.87,684,647,3.92836257309942,
0 - [-12.59000015  11.          -5.29468489],BAstar Variant - 0.9,20,37.69,1157,1004,3.25756266205704,
0 - [-12.59000015  11.          -5.29468489],BAstar Variant - 0.9,30,48.89,1574,1363,3.10609911054638,
0 - [-12.59000015  11.          -5.29468489],BAstar Variant - 0.9,40,67.46,1981,1837,3.40535083291267,
0 - [-12.59000015  11.          -5.29468489],BAstar Variant - 0.9,50,78.56,2248,2169,3.49466192170819,
0 - [-12.59000015  11.          -5.29468489],BAstar Variant - 0.9,60,81.92,2395,2353,3.42045929018789,
0 - [-12.59000015  11.          -5.29468489],BAstar Variant - 0.9,70,87.55,2599,2579,3.36860330896499,
0 - [-12.59000015  11.          -5.29468489],BAstar Variant - 0.9,80,92.55,2847,2842,3.25079030558483,
0 - [-12.59000015  11.          -5.29468489],BAstar Variant - 0.9,90,92.84,2955,2876,3.14179357021997,
0 - [-12.59000015  11.          -5.29468489],BAstar Variant - 0.9,100,92.86,2989,2885,3.10672465707594,
0 - [-12.59000015  11.          -5.29468489],BAstar Variant - 0.9,110,92.86,2989,2885,3.10672465707594,
0 - [-12.59000015  11.          -5.29468489],BAstar Variant - 0.9,120,92.86,2989,2885,3.10672465707594,
0 - [-12.59000015  11.          -5.29468489],BAstar Variant - 0.9,130,92.86,2989,2885,3.10672465707594,
0 - [-12.59000015  11.          -5.29468489],BAstar Variant - 0.9,140,92.86,2989,2885,3.10672465707594,
0 - [-12.59000015  11.          -5.29468489],BAstar Variant - 0.9,150,92.86,2989,2885,3.10672465707594,
0 - [-12.59000015  11.          -5.29468489],BAstar Variant - 0.9,160,92.86,2989,2885,3.10672465707594,
0 - [-12.59000015  11.          -5.29468489],BAstar Variant - 0.9,170,92.86,2989,2885,3.10672465707594,
0 - [-12.59000015  11.          -5.29468489],BAstar Variant - 0.9,180,92.86,2989,2885,3.10672465707594,
0 - [-12.59000015  11.          -5.29468489],BAstar Variant - 0.9,190,92.86,2989,2885,3.10672465707594,3.23373316558109
0 - [-12.59000015  11.          -5.29468489],BAstar - 0.95,0,0,0,0,#DIV/0!,
0 - [-12.59000015  11.          -5.29468489],BAstar - 0.95,10,28.84,951,484,3.03259726603575,
0 - [-12.59000015  11.          -5.29468489],BAstar - 0.95,20,45.74,1406,712,3.25320056899004,
0 - [-12.59000015  11.          -5.29468489],BAstar - 0.95,30,57.42,1813,977,3.16712630998345,
0 - [-12.59000015  11.          -5.29468489],BAstar - 0.95,40,75.12,2171,1131,3.46015660985721,
0 - [-12.59000015  11.          -5.29468489],BAstar - 0.95,50,80.96,2423,1286,3.34131242261659,
0 - [-12.59000015  11.          -5.29468489],BAstar - 0.95,60,81.26,2479,1332,3.27793465106898,
0 - [-12.59000015  11.          -5.29468489],BAstar - 0.95,70,82.34,2617,1360,3.1463507833397,
0 - [-12.59000015  11.          -5.29468489],BAstar - 0.95,80,82.58,2697,1376,3.06192065257694,
0 - [-12.59000015  11.          -5.29468489],BAstar - 0.95,90,82.66,2719,1398,3.04008826774549,
0 - [-12.59000015  11.          -5.29468489],BAstar - 0.95,100,82.68,2733,1403,3.02524698133919,
0 - [-12.59000015  11.          -5.29468489],BAstar - 0.95,110,82.92,2823,1417,2.93730074388948,
0 - [-12.59000015  11.          -5.29468489],BAstar - 0.95,120,82.92,2823,1417,2.93730074388948,
0 - [-12.59000015  11.          -5.29468489],BAstar - 0.95,130,85.31,2949,1456,2.89284503221431,
0 - [-12.59000015  11.          -5.29468489],BAstar - 0.95,140,85.53,2981,1464,2.86917141898692,
0 - [-12.59000015  11.          -5.29468489],BAstar - 0.95,150,85.66,3031,1471,2.82612999010228,
0 - [-12.59000015  11.          -5.29468489],BAstar - 0.95,160,85.72,3037,1481,2.8225222258808,
0 - [-12.59000015  11.          -5.29468489],BAstar - 0.95,170,85.72,3037,1481,2.8225222258808,
0 - [-12.59000015  11.          -5.29468489],BAstar - 0.95,180,85.83,3143,1495,2.73083041679924,
0 - [-12.59000015  11.          -5.29468489],BAstar - 0.95,190,87.89,3214,1529,2.73459863098942,3.01995557590453
0 - [-12.59000015  11.          -5.29468489],Inward Spiral - 0.95,0,0,0,0,#DIV/0!,
0 - [-12.59000015  11.          -5.29468489],Inward Spiral - 0.95,10,38.86,1126,982,3.45115452930728,
0 - [-12.59000015  11.          -5.29468489],Inward Spiral - 0.95,20,56.41,1561,1342,3.61370916079436,
0 - [-12.59000015  11.          -5.29468489],Inward Spiral - 0.95,30,70.2,1959,1629,3.58346094946401,
0 - [-12.59000015  11.          -5.29468489],Inward Spiral - 0.95,40,75.41,2230,1806,3.38161434977578,
0 - [-12.59000015  11.          -5.29468489],Inward Spiral - 0.95,50,76.26,2467,1883,3.09120389136603,
0 - [-12.59000015  11.          -5.29468489],Inward Spiral - 0.95,60,82.31,2651,2011,3.10486608826858,
0 - [-12.59000015  11.          -5.29468489],Inward Spiral - 0.95,70,85.59,2817,2137,3.03833865814696,
0 - [-12.59000015  11.          -5.29468489],Inward Spiral - 0.95,80,86.01,2977,2186,2.88915015115889,
0 - [-12.59000015  11.          -5.29468489],Inward Spiral - 0.95,90,86.69,3115,2228,2.78298555377207,
0 - [-12.59000015  11.          -5.29468489],Inward Spiral - 0.95,100,87.19,3235,2259,2.6952086553323,
0 - [-12.59000015  11.          -5.29468489],Inward Spiral - 0.95,110,87.68,3348,2276,2.61887694145759,
0 - [-12.59000015  11.          -5.29468489],Inward Spiral - 0.95,120,87.86,3431,2287,2.5607694549694,
0 - [-12.59000015  11.          -5.29468489],Inward Spiral - 0.95,130,88.18,3471,2297,2.54047824834342,
0 - [-12.59000015  11.          -5.29468489],Inward Spiral - 0.95,140,88.33,3531,2304,2.50155763239875,
0 - [-12.59000015  11.          -5.29468489],Inward Spiral - 0.95,150,88.63,3565,2309,2.48611500701262,
0 - [-12.59000015  11.          -5.29468489],Inward Spiral - 0.95,160,88.97,3647,2335,2.43953934740883,
0 - [-12.59000015  11.          -5.29468489],Inward Spiral - 0.95,170,89.15,3729,2350,2.39072137302226,
0 - [-12.59000015  11.          -5.29468489],Inward Spiral - 0.95,180,89.29,3780,2354,2.36216931216931,
0 - [-12.59000015  11.          -5.29468489],Inward Spiral - 0.95,190,89.54,3889,2388,2.30239136024685,2.83338477181133
0 - [-12.59000015  11.          -5.29468489],BAstar Variant - 0.95,0,0,0,0,#DIV/0!,
0 - [-12.59000015  11.          -5.29468489],BAstar Variant - 0.95,10,31.25,888,753,3.51914414414414,
0 - [-12.59000015  11.          -5.29468489],BAstar Variant - 0.95,20,37.2,1135,914,3.27753303964758,
0 - [-12.59000015  11.          -5.29468489],BAstar Variant - 0.95,30,37.35,1187,917,3.14658803706824,
0 - [-12.59000015  11.          -5.29468489],BAstar Variant - 0.95,40,52.72,1657,1309,3.1816535908268,
0 - [-12.59000015  11.          -5.29468489],BAstar Variant - 0.95,50,61.2,1975,1606,3.09873417721519,
0 - [-12.59000015  11.          -5.29468489],BAstar Variant - 0.95,60,76.78,2286,1914,3.35870516185477,
0 - [-12.59000015  11.          -5.29468489],BAstar Variant - 0.95,70,88.16,2550,2078,3.45725490196078,
0 - [-12.59000015  11.          -5.29468489],BAstar Variant - 0.95,80,91.84,2715,2221,3.38268876611418,
0 - [-12.59000015  11.          -5.29468489],BAstar Variant - 0.95,90,92.35,2831,2267,3.26209819851642,
0 - [-12.59000015  11.          -5.29468489],BAstar Variant - 0.95,100,92.45,2888,2273,3.20117728531856,
0 - [-12.59000015  11.          -5.29468489],BAstar Variant - 0.95,110,92.45,2888,2273,3.20117728531856,
0 - [-12.59000015  11.          -5.29468489],BAstar Variant - 0.95,120,92.45,2888,2273,3.20117728531856,
0 - [-12.59000015  11.          -5.29468489],BAstar Variant - 0.95,130,92.45,2888,2273,3.20117728531856,
0 - [-12.59000015  11.          -5.29468489],BAstar Variant - 0.95,140,92.45,2888,2273,3.20117728531856,
0 - [-12.59000015  11.          -5.29468489],BAstar Variant - 0.95,150,92.45,2888,2273,3.20117728531856,
0 - [-12.59000015  11.          -5.29468489],BAstar Variant - 0.95,160,92.45,2888,2273,3.20117728531856,
0 - [-12.59000015  11.          -5.29468489],BAstar Variant - 0.95,170,92.45,2888,2273,3.20117728531856,
0 - [-12.59000015  11.          -5.29468489],BAstar Variant - 0.95,180,92.45,2888,2273,3.20117728531856,
0 - [-12.59000015  11.          -5.29468489],BAstar Variant - 0.95,190,92.45,2888,2273,3.20117728531856,3.24716699318598
0 - [-12.59000015  11.          -5.29468489],BAstar - 1.0,0,0,0,0,#DIV/0!,
0 - [-12.59000015  11.          -5.29468489],BAstar - 1.0,10,33.61,744,316,4.51747311827957,
0 - [-12.59000015  11.          -5.29468489],BAstar - 1.0,20,44.15,1119,522,3.94548704200179,
0 - [-12.59000015  11.          -5.29468489],BAstar - 1.0,30,54.57,1439,702,3.79221681723419,
0 - [-12.59000015  11.          -5.29468489],BAstar - 1.0,40,57.99,1668,841,3.47661870503597,
0 - [-12.59000015  11.          -5.29468489],BAstar - 1.0,50,62.18,1896,945,3.2795358649789,
0 - [-12.59000015  11.          -5.29468489],BAstar - 1.0,60,62.55,1943,950,3.21924858466289,
0 - [-12.59000015  11.          -5.29468489],BAstar - 1.0,70,68.68,2032,1010,3.37992125984252,
0 - [-12.59000015  11.          -5.29468489],BAstar - 1.0,80,76.07,2236,1092,3.4020572450805,
0 - [-12.59000015  11.          -5.29468489],BAstar - 1.0,90,82.28,2467,1211,3.3352249695987,
0 - [-12.59000015  11.          -5.29468489],BAstar - 1.0,100,86.74,2678,1318,3.23898431665422,
0 - [-12.59000015  11.          -5.29468489],BAstar - 1.0,110,88.57,2815,1418,3.14635879218472,
0 - [-12.59000015  11.          -5.29468489],BAstar - 1.0,120,88.57,2815,1418,3.14635879218472,
0 - [-12.59000015  11.          -5.29468489],BAstar - 1.0,130,88.57,2815,1418,3.14635879218472,
0 - [-12.59000015  11.          -5.29468489],BAstar - 1.0,140,88.57,2815,1418,3.14635879218472,
0 - [-12.59000015  11.          -5.29468489],BAstar - 1.0,150,88.57,2815,1418,3.14635879218472,
0 - [-12.59000015  11.          -5.29468489],BAstar - 1.0,160,88.57,2815,1418,3.14635879218472,
0 - [-12.59000015  11.          -5.29468489],BAstar - 1.0,170,88.57,2815,1418,3.14635879218472,
0 - [-12.59000015  11.          -5.29468489],BAstar - 1.0,180,88.57,2815,1418,3.14635879218472,
0 - [-12.59000015  11.          -5.29468489],BAstar - 1.0,190,88.57,2815,1418,3.14635879218472,3.36336826594904
0 - [-12.59000015  11.          -5.29468489],Inward Spiral - 1.0,0,0,0,0,#DIV/0!,
0 - [-12.59000015  11.          -5.29468489],Inward Spiral - 1.0,10,36.8,1057,886,3.48155156102176,
0 - [-12.59000015  11.          -5.29468489],Inward Spiral - 1.0,20,62.25,1610,1316,3.86645962732919,
0 - [-12.59000015  11.          -5.29468489],Inward Spiral - 1.0,30,74.89,1956,1567,3.82873210633947,
0 - [-12.59000015  11.          -5.29468489],Inward Spiral - 1.0,40,78.13,2209,1693,3.53689452240833,
0 - [-12.59000015  11.          -5.29468489],Inward Spiral - 1.0,50,78.92,2369,1732,3.33136344449135,
0 - [-12.59000015  11.          -5.29468489],Inward Spiral - 1.0,60,79.47,2504,1768,3.17372204472843,
0 - [-12.59000015  11.          -5.29468489],Inward Spiral - 1.0,70,82.14,2734,1876,3.00438917337235,
0 - [-12.59000015  11.          -5.29468489],Inward Spiral - 1.0,80,86.35,3006,2006,2.87258815701929,
0 - [-12.59000015  11.          -5.29468489],Inward Spiral - 1.0,90,86.88,3222,2056,2.69646182495344,
0 - [-12.59000015  11.          -5.29468489],Inward Spiral - 1.0,100,87.41,3368,2086,2.59530878859857,
0 - [-12.59000015  11.          -5.29468489],Inward Spiral - 1.0,110,87.75,3526,2105,2.48865570051049,
0 - [-12.59000015  11.          -5.29468489],Inward Spiral - 1.0,120,87.76,3533,2108,2.48400792527597,
0 - [-12.59000015  11.          -5.29468489],Inward Spiral - 1.0,130,87.91,3579,2110,2.45627270187203,
0 - [-12.59000015  11.          -5.29468489],Inward Spiral - 1.0,140,88.22,3647,2120,2.4189744995887,
0 - [-12.59000015  11.          -5.29468489],Inward Spiral - 1.0,150,88.74,3746,2132,2.36892685531233,
0 - [-12.59000015  11.          -5.29468489],Inward Spiral - 1.0,160,88.94,3798,2141,2.34175882043181,
0 - [-12.59000015  11.          -5.29468489],Inward Spiral - 1.0,170,89.18,3900,2153,2.28666666666667,
0 - [-12.59000015  11.          -5.29468489],Inward Spiral - 1.0,180,89.32,3967,2161,2.25157549785732,
0 - [-12.59000015  11.          -5.29468489],Inward Spiral - 1.0,190,89.57,4070,2168,2.2007371007371,2.82552879044814
0 - [-12.59000015  11.          -5.29468489],BAstar Variant - 1.0,0,0,0,0,#DIV/0!,
0 - [-12.59000015  11.          -5.29468489],BAstar Variant - 1.0,10,38.12,1018,882,3.74459724950884,
0 - [-12.59000015  11.          -5.29468489],BAstar Variant - 1.0,20,64.3,1564,1379,4.11125319693095,
0 - [-12.59000015  11.          -5.29468489],BAstar Variant - 1.0,30,69.88,1860,1595,3.75698924731183,
0 - [-12.59000015  11.          -5.29468489],BAstar Variant - 1.0,40,70.02,1905,1607,3.6755905511811,
0 - [-12.59000015  11.          -5.29468489],BAstar Variant - 1.0,50,70.63,1998,1624,3.53503503503503,
0 - [-12.59000015  11.          -5.29468489],BAstar Variant - 1.0,60,81.1,2276,1802,3.56326889279438,
0 - [-12.59000015  11.          -5.29468489],BAstar Variant - 1.0,70,87.61,2511,2041,3.48904818797292,
0 - [-12.59000015  11.          -5.29468489],BAstar Variant - 1.0,80,89.71,2655,2149,3.3789077212806,
0 - [-12.59000015  11.          -5.29468489],BAstar Variant - 1.0,90,90,2690,2165,3.3457249070632,
0 - [-12.59000015  11.          -5.29468489],BAstar Variant - 1.0,100,90,2690,2165,3.3457249070632,
0 - [-12.59000015  11.          -5.29468489],BAstar Variant - 1.0,110,90,2690,2165,3.3457249070632,
0 - [-12.59000015  11.          -5.29468489],BAstar Variant - 1.0,120,90,2690,2165,3.3457249070632,
0 - [-12.59000015  11.          -5.29468489],BAstar Variant - 1.0,130,90,2690,2165,3.3457249070632,
0 - [-12.59000015  11.          -5.29468489],BAstar Variant - 1.0,140,90,2690,2165,3.3457249070632,
0 - [-12.59000015  11.          -5.29468489],BAstar Variant - 1.0,150,90,2690,2165,3.3457249070632,
0 - [-12.59000015  11.          -5.29468489],BAstar Variant - 1.0,160,90,2690,2165,3.3457249070632,
0 - [-12.59000015  11.          -5.29468489],BAstar Variant - 1.0,170,90,2690,2165,3.3457249070632,
0 - [-12.59000015  11.          -5.29468489],BAstar Variant - 1.0,180,90,2690,2165,3.3457249070632,
0 - [-12.59000015  11.          -5.29468489],BAstar Variant - 1.0,190,90,2690,2165,3.3457249070632,3.47671916103741
